{
  "6b6d331d-f2e7-4d9b-ab96-6b465f9f164a": {
    "x": 330.955825608174,
    "y": 244.85562124726835
  },
  "ec8aa3df-3246-45fd-82ec-c0f89ef2281d": {
    "x": 485.9284800277386,
    "y": 338.1760216389099
  },
  "afbe3b19-09c7-47c9-bd6f-23b757b7345c": {
    "x": 1107.572948304694,
    "y": 26
  },
  "6183a2d0-25b0-4f55-bd34-e34e59441ff4": {
    "x": 633.643992200946,
    "y": 444.400526308889
  },
  "ce50ec86-6f8f-4e43-ace7-dccd877d07cb": {
    "x": 331.79510059327663,
    "y": 423.0261422322209
  },
  "7b430987-39bf-4104-8949-82d1a1c9287b": {
    "x": 831.572948304694,
    "y": 26
  },
  "e25051d0-429c-4bfe-b5c1-8367e0b7bd20": {
    "x": 26,
    "y": 290.02183481090714
  },
  "f049fe15-b434-4bbf-bc30-be99af2cd444": {
    "x": 478.35769176033216,
    "y": 507.62543605533983
  },
  "14a25f75-b3b0-4c2a-b978-ce7e853dfa0e": {
    "x": 144.99206627319145,
    "y": 26
  },
  "56bb41db-2fe0-4083-bb30-3caea7116e6f": {
    "x": 1199.572948304694,
    "y": 26
  },
  "8c48519e-f3dc-4860-9070-af4fd4e7653b": {
    "x": 923.572948304694,
    "y": 26
  },
  "3c82467f-a13a-4398-a9e1-66c36565d7b9": {
    "x": 1015.5729483046939,
    "y": 26
  },
  "d33729d3-eeff-4b14-96fa-b8e8edc9fd36": {
    "x": 172.73943344448216,
    "y": 190.35355419068046
  },
  "7cf18425-d230-4972-9653-ff0fa96be809": {
    "x": 505.63240214408006,
    "y": 169.86665934533625
  },
  "203086bc-1416-4a8f-a6dc-11727635b3ff": {
    "x": 647.572948304694,
    "y": 275.1992948719633
  },
  "45594c75-7abe-43a7-bbee-40cc911cf13a": {
    "x": 739.572948304694,
    "y": 26
  }
}